transcript_id,transcript_position,n_reads,probability_modified,kmer,mod_ratio
Curlcake_1,1111,40,0.3318430185317993,GAACA,0.1750000000000000
Curlcake_1,1145,69,0.2165311723947525,AAACC,0.1014492753623188
Curlcake_1,1213,122,0.9825316667556763,GGACA,0.7950819672131147
Curlcake_1,1218,156,0.1974093317985535,TAACT,0.0512820512820513
Curlcake_1,1227,149,0.8901650309562683,AGACA,0.7315436241610739
Curlcake_1,1247,117,0.9998048543930054,GGACA,0.9230769230769231
Curlcake_1,1264,178,0.2390275895595551,GAACC,0.1011235955056180
Curlcake_1,1373,265,0.2301766425371170,GAACC,0.0981132075471698
Curlcake_1,1386,290,0.9879776835441589,GGACT,0.9068965517241380
Curlcake_1,1503,379,0.9041393995285034,TGACC,0.7493403693931399
Curlcake_1,1526,283,0.4354847669601440,TGACA,0.2473498233215548
Curlcake_1,1552,387,0.0487394034862518,TAACT,0.0180878552971576
Curlcake_1,1612,214,0.0416302941739559,AAACA,0.0140186915887850
Curlcake_1,1694,760,0.1105192676186562,AAACC,0.0460526315789474
Curlcake_1,1851,1922,0.9830112457275391,GGACC,0.8402705515088450
Curlcake_1,1965,1345,0.8409348130226135,GGACT,0.6252788104089220
Curlcake_1,1983,1364,0.3862185478210449,GAACC,0.1612903225806452
Curlcake_1,1998,583,0.9230451583862305,AGACA,0.8216123499142367
Curlcake_1,2030,1598,0.0068597407080233,TAACC,0.0000000000000000
Curlcake_1,2128,1573,0.5546157360076904,TGACC,0.3521932612841704
Curlcake_2,333,21,0.8881033658981323,GGACT,0.7619047619047619
Curlcake_2,338,64,0.0039382684044540,TAACA,0.0000000000000000
Curlcake_2,374,92,0.0178599767386913,TAACC,0.0108695652173913
Curlcake_2,419,103,0.0328245609998703,AAACA,0.0000000000000000
Curlcake_2,431,127,0.0689882040023804,TAACT,0.0393700787401575
Curlcake_2,486,279,0.9981803297996521,GGACA,0.9426523297491040
Curlcake_2,496,447,0.9996985793113708,GGACC,0.9709172259507830
Curlcake_2,565,1142,0.4472621679306030,TGACA,0.3178633975481611
Curlcake_2,589,1215,0.0071101817302406,TAACA,0.0000000000000000
Curlcake_2,641,1573,0.5853646397590637,TAACT,0.3343928798474253
Curlcake_2,647,1562,0.1325785517692566,AAACT,0.0518565941101152
Curlcake_2,787,1677,0.9981352686882019,GGACC,0.9558735837805605
Curlcake_2,823,2122,0.9897627234458923,GGACT,0.8788878416588124
Curlcake_2,885,1635,0.1602907478809357,AAACC,0.0850152905198777
Curlcake_2,896,2025,0.5979721546173096,AGACT,0.3901234567901234
Curlcake_2,907,2146,0.0924710482358932,TAACT,0.0284249767008388
Curlcake_2,975,991,0.0026012531016022,AAACA,0.0000000000000000
Curlcake_2,984,2058,0.1292697787284851,GAACA,0.0762876579203110
Curlcake_2,1010,1834,0.0323064588010311,TAACA,0.0000000000000000
Curlcake_2,1067,1872,0.4450765252113342,GAACC,0.2318376068376068
Curlcake_2,1100,420,0.0136453378945589,TAACA,0.0000000000000000
Curlcake_2,1128,1790,0.0378033593297005,TAACA,0.0050279329608939
Curlcake_2,1224,651,0.5792846679687500,GAACA,0.3333333333333333
Curlcake_2,1228,1550,0.6592351198196411,AGACC,0.4361290322580645
Curlcake_2,1396,1651,0.7947823405265808,TGACT,0.5699576014536645
Curlcake_2,1557,1250,0.8446614146232605,AGACC,0.5672000000000000
Curlcake_2,1663,1880,0.6299786567687988,GAACT,0.2441489361702128
Curlcake_2,1671,1563,0.3057311475276947,TAACT,0.1554702495201536
Curlcake_2,1700,1650,0.9778668880462646,GGACT,0.8987878787878788
Curlcake_2,1708,1670,0.9207950234413147,AGACT,0.6976047904191617
Curlcake_2,1790,1684,0.9967333078384399,GGACC,0.7137767220902613
Curlcake_2,1798,1787,0.6580296754837036,GAACA,0.4650251818690543
Curlcake_2,1897,1584,0.7199683785438538,GAACC,0.4273989898989899
Curlcake_2,1905,971,0.8565480709075928,AGACT,0.6282183316168898
Curlcake_2,1927,1539,0.0100603029131889,AAACA,0.0000000000000000
Curlcake_2,2033,847,0.9343616962432861,AGACA,0.7603305785123967
Curlcake_2,2039,1692,0.5471425652503967,GAACC,0.2724586288416075
Curlcake_2,2071,1627,0.4798054397106171,AAACT,0.2114320835894284
Curlcake_2,2076,502,0.1217273175716400,GAACT,0.0338645418326693
Curlcake_2,2142,1078,0.2815479040145874,TGACA,0.1957328385899814
Curlcake_2,2158,1149,0.9991148710250854,GGACA,0.9582245430809400
Curlcake_2,2204,883,0.9930952787399292,AGACA,0.9060022650056625
Curlcake_2,2433,1076,0.5960288047790527,TGACA,0.3912639405204461
Curlcake_2,2476,307,0.8218638896942139,AGACA,0.6156351791530945
Curlcake_3,894,22,0.9507606625556946,TGACT,0.6818181818181818
Curlcake_3,938,38,0.0407772995531559,AAACT,0.0000000000000000
Curlcake_3,1076,79,0.8490222692489624,AGACC,0.6708860759493671
Curlcake_3,1102,46,0.0219683051109314,AAACA,0.0217391304347826
Curlcake_3,1275,112,0.9252406954765320,TGACT,0.8303571428571429
Curlcake_3,1330,156,0.0265303198248148,GAACA,0.0064102564102564
Curlcake_3,1370,312,0.9646626710891724,GGACT,0.7051282051282052
Curlcake_3,1387,351,0.8217339515686035,GAACT,0.3817663817663818
Curlcake_3,1399,374,0.0077565987594426,TAACC,0.0026737967914439
Curlcake_3,1451,381,0.9987167716026306,GGACC,0.9422572178477691
Curlcake_3,1495,591,0.8081264495849609,GAACT,0.4196277495769882
Curlcake_3,1542,791,0.9021208286285400,TGACT,0.6687737041719343
Curlcake_3,1652,1798,0.8761046528816223,TGACT,0.6679644048943271
Curlcake_3,1687,1912,0.6031730771064758,GAACC,0.4157949790794979
Curlcake_3,1721,1548,0.9457800388336182,AGACA,0.8507751937984496
Curlcake_3,1735,1482,0.8448874950408936,AGACA,0.6025641025641025
Curlcake_3,1739,1914,0.6025921106338501,AGACT,0.3657262277951933
Curlcake_3,1789,1995,0.9561113715171814,GGACC,0.6461152882205514
Curlcake_3,1797,1431,0.0146952532231808,TAACA,0.0006988120195667
Curlcake_3,1867,2092,0.9863256812095642,GGACT,0.8714149139579350
Curlcake_3,1994,1787,0.7065407633781433,TGACA,0.4829322887520985
Curlcake_3,2045,55,0.9842387437820435,GGACC,0.6545454545454545
Curlcake_3,2078,1816,0.8121928572654724,AGACT,0.5660792951541850
Curlcake_3,2203,1953,0.0021738554351032,TAACC,0.0000000000000000
Curlcake_3,2242,2022,0.0608597956597805,AAACT,0.0212660731948566
Curlcake_3,2331,1643,0.0018235633615404,TAACC,0.0000000000000000
Curlcake_3,2336,1043,0.9992735385894775,AGACC,0.9635666347075743
Curlcake_3,2367,1888,0.2957624495029449,TGACA,0.1758474576271186
Curlcake_3,2381,1867,0.3792196512222290,GAACA,0.2324584895554365
Curlcake_3,2453,1637,0.0187897365540266,TAACA,0.0012217470983506
Curlcake_3,2605,267,0.9923777580261230,GGACT,0.9513108614232210
Curlcake_4,1513,56,0.9984502792358398,GGACC,0.8928571428571429
Curlcake_4,1550,51,0.5762737989425659,GAACA,0.3725490196078431
Curlcake_4,1603,62,0.9580320715904236,AGACA,0.7258064516129032
Curlcake_4,1628,162,0.3748106062412262,AAACT,0.1728395061728395
Curlcake_4,1640,160,0.6793130040168762,TGACC,0.3625000000000000
Curlcake_4,1662,174,0.2705158591270447,TGACA,0.1436781609195402
Curlcake_4,1677,185,0.7156254649162292,GAACT,0.3783783783783784
Curlcake_4,1840,979,0.0097276549786329,TAACC,0.0000000000000000
Curlcake_4,1857,542,0.4174215197563171,GAACA,0.2435424354243542
Curlcake_4,1865,941,0.9949208498001099,GGACT,0.8533475026567482
Curlcake_4,1879,1112,0.9783402681350708,GGACA,0.8264388489208633
Curlcake_4,1936,852,0.4819297492504120,TGACA,0.2546948356807512
Curlcake_4,1941,1268,0.5385774970054626,AGACC,0.2697160883280757
Curlcake_4,1973,1671,0.9842240214347839,GGACT,0.9239976062238181
Curlcake_4,2127,2001,0.9589423537254333,TGACT,0.8075962018990505
Curlcake_4,2198,1544,0.0004199047689326,TAACC,0.0000000000000000
Curlcake_4,2219,891,0.0026921711396426,AAACA,0.0000000000000000
